Indice,Prénom
1,"Thierry"
2,"Marie"
3,"Roger"
4,"Hugues"
5,"Xavier"
6,"Madeleine"
7,"Anne-Marie"
8,"Albert"
9,"Jules"
10,"Stanislas"
11,"Marie-Louise"
12,"Victor"
13,"Florian"
14,"Marie-Madeleine"
15,"Albine"
16,"Constant"
17,"François"
18,"Elisa"
19,"Florine"
20,"Eugène"
21,"Lucien"
22,"Joséphine"
23,"Claudine"
24,"Paul"
25,"Noëlie"
26,"Numa"
27,"Léon"
28,"Ernest"
29,"Sofranie"
30,"François-Xavier"
31,"Joseph"
32,"Rosine"
33,"Victoire"
34,"Hippolyte"
35,"Zéline"
36,"Eugénie"
37,"Aristide"
38,"Josephte"
39,"Célestin"
40,"Marcelin"
41,"Philomène"
42,"Gilbert-Ursiçain"
43,"Marie-Joséphine"
44,"François-Ely"
45,"Marie-Adèle"
46,"Octavie"
47,"Julie"
48,"Charles"
49,"Camille"
50,"Marie-Julie"
51,"Ignace-Joseph"
52,"Marie-Thérèse"
53,"Jean-Baptiste"
54,"Lucie"
55,"Etienne-Joseph"
56,"Marie-Agnes"
57,"François-Joseph"
58,"Marie-Victoire"
59,"François-Hubert"
60,"Marie-Jeanne"
61,"Victorine"
62,"Aimable"
63,"Florentin"
64,"Henri"
65,"Ludivine"
66,"Philippe"
67,"Agnes"
68,"Léonard"
69,"Marie-Généreuse"
70,"Marie-Adélaïde"
71,"Alexis"
72,"Marie-Joseph"
73,"Constance"
74,"Marie-Josèphe"
75,"Geneviève"
76,"Charles-Joseph"
77,"Colombe"
78,"Mélanie"
79,"Ferréol"
80,"Marie-Aimable"
81,"Généreuse"
82,"Hugues-Joseph"
83,"Marie-Florentine"
84,"Claude-François"
85,"Marie-Josephte"
86,"Ambroise"
87,"Pierre-François"
88,"Jeanne-Antoine"
89,"Ursanne"
90,"Marie-Anne"
91,"Jean-Joseph"
92,"Pierre-Joseph"
93,"Anne"
94,"Jeanne-Agnes"
95,"Marie-Gabrielle"
96,"Jeanne-Marie"
97,"Marie-Dorothé"
98,"Claude-Antoine"
99,"Catherine"
100,"Marie-Barbe"
101,"Hugues-Antoine"
102,"Jeanne-Claude"
103,"Jean-François"
104,"Jean-Louis"
105,"Claude-Alexis"
106,"Jeanne-Simonne"
107,"Jacques-Antoine"
108,"Marie-Geneviève"
109,"Jean-Paul"
110,"Marie-Françoise"
111,"Christophe"
112,"Michel"
113,"Anne-Elisabeth"
114,"Claude-Joseph"
115,"Reine"
116,"Jean-Antoine"
117,"Hélène"
118,"Fortuné"
119,"Jean-Claude"
120,"Anne-Agnes"
121,"Pierre-Ignace"
122,"Antoine"
123,"Théophile"
124,"Bernardine"
125,"Hugues-Ignace"
126,"Claude-Ignace"
127,"Etienne-François"
128,"Claude-Ursule"
129,"Jean-Félix"
130,"Barbe-Agnès"
131,"Pierre-Antoine"
132,"Anne-Françoise"
133,"Hermenfroid"
134,"Jean-Jacques"
135,"Marie-Catherine"
136,"Jacques"
137,"Marthe"
138,"Jean-Georges"
139,"Jean-Germain"
140,"Marguerite"
141,"Nicolas"
142,"Pierre-Baptiste"
143,"Jean"
144,"Fleur"
145,"Marie-Dorothée"
146,"Anne-Ursule"
147,"Pierre-Philippe"
148,"Anne-Françoise"
149,"Pierre-Claude"
150,"Claude-Marie"
151,"Marie-Antoine"
152,"Léopold"
153,"Elisabeth"
154,"Caroline"
155,"Anne-Justine"
156,"Anselme"
157,"Monique"
158,"Colette"
159,"Claude"
160,"Jeanne-Francoise"
161,"Jean-Benoit"
162,"Claude-Françoise"
163,"Jeanne-Athanase"
164,"Pierre"
165,"Guillaume-Francois"
166,"Anne-Gertrude"
167,"Claude-François"
168,"Marie-Reine"
169,"Bernard"
170,"Jeanne-Baptiste"
171,"Jean-Guillaume"
172,"Dorothée"
173,"Jean-Ignace"
174,"Félix"
175,"Hubert"
176,"Jeanne-Ignace"
177,"Isidore"
178,"Agnès"
179,"Etienne"
180,"Andrée"
181,"Marc-Ignace"
182,"Anne-Antoinette"
183,"Jeanne-Françoise"
184,"Jeanne-Blaise"
185,"Hylaire"
186,"Marie-Angélique"
187,"Anne-Agnès"
188,"Jeanne-Fidèle"
189,"Anne-Guillemette"
190,"Jacque-Ignace"
191,"Marcel"
192,"Jean-Pierre"
193,"Anne-Marguerite"
194,"Marie-Claire"
195,"Jean-Simon"
196,"Clotilde"
197,"Denis"
198,"Odile"
199,"Irène"
200,"Françoise"
201,"Jean-Marie"
202,"Magdeleine"
203,"Germain-Joseph"
204,"Claude-Huguette"
205,"Guillaume-Joseph"
206,"Guillaume"
207,"Humbert"
208,"Nicolas-Modeste"
209,"Charlotte-Françoise"
210,"Lucine"
211,"Jacinthe"
212,"Gertrude"
213,"Anne-Thérèse"
214,"Anne-Baptiste"
215,"Octave"
216,"Melchior"
217,"Jean-Marcel"
218,"Marie-Agathe"
219,"Benoît"
220,"Pierre-Hyacinthe"
221,"Joseph-Théophile"
222,"Guillaume-François"
223,"Anne-Claude"
224,"Jeanne-Claire"
225,"Eléonore"
226,"Agathe"
227,"Germain"
228,"Pierre-Nicolas"
229,"Suzanne"
230,"Fortunée"
231,"Blaise"
232,"Marie-Hélène"
233,"Erica"
234,"Pierrette"
235,"Jeanne"
236,"Joseph-Justin"
237,"Georges"
238,"Jeanne-Agnès"
239,"Justine"
240,"Claudine-Guillemette"
241,"Claude-Marguerite"
242,"Marie-Claude"
243,"Hugues-Jean"
244,"Dèle"
245,"Etiennette"
246,"Anne-Antoine"
247,"Abel"
248,"Clara"
249,"Arsène"
250,"Floriant"
251,"Alzire"
252,"Rosa"
253,"Gaston"
254,"Denise"
255,"René"
256,"Rose"
257,"Louis"
258,"Paulette"
259,"Robert"
260,"Nicolette"
261,"Chantal"
262,"Joelle"
263,"Sylvie"
264,"Perrinot"
265,"Anne-Théodore"
266,"Valbert"
267,"Jacques-François"
268,"Christian"
269,"Joëlle"
270,"Alain"
271,"Eliane"
272,"Serge"
273,"Nathalie"
274,"Marc"
275,"Jacques-Ignace"
276,"Adrienne"
277,"Louys"
278,"Antoinette"
279,"Joseph-Augustin"
280,"Philibert"
281,"Philiberte"
282,"Stéphane"
283,"Isabelle"
284,"Gérard"
285,"Yolande"
286,"Gilles"
287,"Bruno"
288,"Evelyne"
289,"Jean-Charles"
290,"Jocelyne"
291,"Hervé"
292,"Pascal"
293,"Christine"
294,"Didier"
295,"Martine"
296,"Dominique"
297,"Lysiane"
298,"Karl"
299,"Yves"
300,"Frédéric"
301,"Carole"
302,"Pascaline"
303,"Régis"
304,"Jérome"
305,"Emmanuel"
306,"Claudette"
307,"Sébastien"
308,"Céline"
309,"Mathieu"
310,"Guy"
311,"Julien"
312,"Christelle"
313,"Alicia"
314,"Christel"
315,"Arnault"
316,"Cédric"
317,"Loïc"
318,"Stéphanie"
319,"Vincent"
320,"Delphine"
321,"Alexandra"
322,"Alexandre"
323,"Vilna"
324,"Vanessa"
325,"Laëtitia"
326,"Jean-Christophe"
327,"Bernadette"
328,"Isaline"
329,"Nadine"
330,"Elise"
331,"Marianne"
332,"Marilyne"
333,"Marie-José"
334,"Kévin"
335,"Boris"
336,"Jocelyn"
337,"Luc"
338,"Marie-Guillaume"
339,"Jeannette"
340,"Claude-Hyacinthe"
341,"Jeanne-Ursule"
342,"Marie-Agnès"
343,"Modeste"
344,"Ferréol"
345,"Marie-Féline"
346,"Léonie"
347,"Jeanne"
348,"Eva"
349,"Claudia"
350,"Anthoine"
351,"Guillemette"
352,"Huguenin"
353,"Blaisot"
354,"Claudot"
355,"Claude-Louys"
356,"Claude-Humbert"
357,"Isabeau"
358,"Pierre-Paul"
359,"Anne-Dorothée"
360,"Antoine-Louis"
361,"Pierre-Dominique"
362,"Pierre-Anthoine"
363,"Jean-Guillemette"
364,"Anne-Françoise-Agnès"
365,"Barbe"
366,"Jacqueline"
367,"Appoline"
368,"Désiré"
369,"Clémence"
370,"Guillaumette"
371,"Richard"
372,"Claudine-Françoise"
373,"Jeanne-Claudine"
374,"Blaise-Agnès"
375,"Germaine"
376,"Mickaël"
377,"Jean-Nicolas"
378,"André"
379,"Ursule"
380,"Fabien"
381,"Emmanuelle"
382,"Marie-Sophie"
383,"Marion"
384,"Floriane"
385,"Pierre-Etienne"
386,"Anne-Ignace"
387,"Ignace"
388,"Claude-Antoinette"
389,"Adrian"
390,"Henry"
391,"Nicolas-Joseph"
392,"Anne-Thiennette"
393,"Ligier"
394,"Anthoinette"
395,"Pierre-Ligier"
396,"Jeanne-Antoinette"
397,"Claude-Etiennette"
398,"Thoinot"
399,"Claudy"
400,"Anne-Hugues"
401,"Jacques-Guillaume"
402,"Julienne-Adrienne"
403,"Anne-Blaise"
404,"Jeanne-Anthoine"
405,"Guillaume-Ignace"
406,"Anne-Thérèse"
407,"Anise"
408,"Flavien"
409,"Marie-Rose"
410,"Hortille"
411,"Jean-Benoît"
412,"François-Alexandre"
413,"Alexanne"
414,"Marceline"
415,"Bénédicte"
416,"Amédine"
417,"Yvette"
418,"Marie-Francine"
419,"Eloi"
420,"Gustave"
421,"Zénobie"
422,"Emilie"
423,"Marius"
424,"Claire"
425,"Aline"
426,"Louise"
427,"Arnold"
428,"Elie"
429,"Auguste"
430,"Flore"
431,"Justin"
432,"Emile"
433,"Valentine"
434,"Jeanne-Simone"
435,"Espérance"
436,"Renée"
437,"Yvon"
438,"Cécile"
439,"Jeanne-Antide"
440,"Simone"
441,"Marcelle"
442,"Yvonne"
443,"Marie-Annette"
444,"Aglaée"
445,"François-Florentin"
446,"Marie-Arristine"
447,"Antoine-Joseph"
448,"Jeanne-Victoire"
449,"Françoise-Agnès"
450,"Célina"
451,"Thérèse"
452,"Victorin"
453,"Alcide"
454,"Brice"
455,"Carl"
456,"Béatrice"
457,"Matthieu"
458,"Patrice"
459,"Jérémie"
460,"Elodie"
461,"Laura"
462,"Anthony"
463,"Marie-Josée"
464,"Brigitte"
465,"Jean-Luc"
466,"Tui"
467,"Jansri"
468,"Ulysse"
469,"Séraphine"
470,"Philippine"
471,"Marie-Stéphanie"
472,"Marie-Emilie"
473,"Georgette"
474,"Jacques-Joseph"
475,"Agathe-Marie"
476,"Marie-Régine"
477,"Priscilla"
478,"Romain"
479,"Maëlle"
480,"Johan"
481,"Pauline"
482,"M Madeleine"
483,"Roland"
484,"Christiane"
485,"Alphonse"
486,"Marie Odile"
487,"Daniele"
488,"Jean Pierre"
489,"Gilbert"
490,"Josianne"
491,"Jean Marie"
492,"Jeanine"
493,"Raymond"
494,"Rolande"
495,"Annie"
496,"Jean Claude"
497,"Ghislain"
498,"Maryse"
499,"Véronique"
500,"Fernand"
501,"Alice"
502,"Jean Luc"
503,"Jean Bernard"
504,"Alex"
505,"X"
506,"Urbain"
507,"La Nénée"
508,"Marie-Renée"
509,"Francine"
510,"Magali"
511,"Karine"
512,"Astrid"
513,"Raymonde"
514,"Louisette"
515,"Berthe"
516,"Baptiste"
517,"Estelle"
518,"Edouard"
519,"Francine Marie"
520,"Léontine"
521,"Marie Rosine Cécile"
522,"Arthur"
523,"Lucienne"
524,"Jacques Joseph"
525,"Jacques Ignace"
526,"Hugues Senior"
527,"Arlette"
528,"Marie-Sylvie"
529,"Marie-Félicité"
530,"François-Auguste"
531,"Fabienne"
532,"Jeanne-Geneviève"
533,"Charles-François"
534,"Anne-Véronique"
535,"Anne-Sylvie"
536,"Thomas"
537,"Achille"
538,"Maurice"
539,"Marie-Pierre"
540,"Ludovic"
541,"Just"
542,"Ester"
543,"Chrisostome"
544,"Marie-Lise"
545,"Bertrand"
546,"Severin"
547,"Gabriel"
548,"Gabrielle"
549,"Cécilia"
550,"Palmyre"
551,"Adolphe"
552,"Hermance"
553,"Amélie"
554,"Maurianne"
555,"Claude-Henri"
556,"Sylvain"
557,"Anne-Etiennette"
558,"Eric"
559,"Jeanne-Guillaumette"
560,"Ignace-Françoise"
561,"Jeanne-Guillemette"
562,"Augustin"
563,"Marie-Justine"
564,"Jules Joseph"
565,"Alvina"
566,"Celestin"
567,"Aimé"
568,"Célestine"
569,"Danielle"
570,"Patrick"
571,"Marie-Christine"
572,"Francis"
573,"Nicole"
574,"Amand"
575,"Laurence"
576,"Gisèle"
577,"Noëlle"
578,"Raphael"
579,"Jean-Marc"
580,"Alfred"
581,"Pierre Louis"
582,"Edith"
583,"Armand"
584,"Julia"
585,"Eulalie"
586,"Marie,Gustave"
587,"Laure"
588,"Josephine"
589,"Zoé"
590,"Henriette"
591,"Augustine"
592,"Marie-Marcel-Constant"
593,"Gracienne"
594,"Blanche"
595,"Séraphin"
596,"Judith"
597,"Rémy"
598,"Norbert"
599,"Mireille"
600,"Solange"
601,"Ghislène"
602,"Joël"
603,"Marie-Noëlle"
604,"Danièle"
605,"Rémi"
606,"Martial"
607,"Jean-Noël"
608,"Barnabé"
609,"Thérésia"
610,"Michèle"
611,"Renaud"
612,"Raynald"
613,"Mederic"
614,"Amélien"
615,"Cyril"
616,"Anne-Lise"
617,"Franck"
618,"Anne-Laure"
619,"Fabrice"
620,"Sophie"
621,"Corinne"
622,"Daniel"
623,"Josiane"
624,"Marie-Annick"
625,"Myriam"
626,"Sandrine"
627,"Valérie"
628,"Gaëlle"
629,"Mathilde"
630,"Samuel"
631,"Christopher"
632,"Aurélie"
633,"Noëmie"
634,"Fanny"
635,"Yannick"
636,"Sévérine"
637,"Florence"
638,"Laetitia"
639,"Laurine"
640,"Edwige"
641,"Géraldine"
642,"Sévanne"
643,"Noémie"
644,"Anne-Sophie"
645,"Jacky"
646,"Benjamin"
647,"Lise"
648,"Lilian"
649,"Virginie"
650,"Noël"
651,"Anne-Cécile"
652,"Pierre-Henry"
653,"Cyrielle"
654,"Gaetane"
655,"Marie-Chantal"
656,"Jérémy"
657,"Haverine"
658,"Angèle"
659,"Virgile"
660,"Marie-Angèle"
661,"Eugene"
662,"Marie-Cécile"
663,"Blandine"
664,"Ferjeux"
665,"Népomucène"
666,"Henri,Marcelin"
667,"Marie-Josephe"
668,"?"
669,"Thoinette"
670,"Axelle"
671,"Joseph-Xavier"
672,"Claudi"
673,"Julienne"
674,"Adrien"
675,"Maria"
676,"Jacquette"
677,"Sybille"
678,"Estévenot"
679,"Jean-Ferdinand"
680,"François-Nicolas"
681,"Blaise-Joseph"
682,"Isabaux"
683,"Damas"
684,"Antide-Joseph"
685,"Nicolas-François"
686,"Jean-François-Xavier"
687,"Agnès-Françoise"
688,"Claude-Alexandre"
689,"Jeanne-Thérèse"
690,"Juliette"
691,"Claude-Etienne"
692,"Anne-Huguette"
693,"Marie-Aristine"
694,"Claude-Pierre"
695,"François-Constantin"
696,"Barbara-Agnes"
697,"Pierre-Joseph-Célestin"
698,"Anne-Sylvie-Delphine"
699,"Véronique-Séraphine"
700,"Marie-Thérèse-Aimable"
701,"Marie-Constance"
702,"Marie-Hélène-Victoire"
703,"Charles-Alexandre"
704,"François-Antoine"
705,"Jean-François-Joseph"
706,"Scolastique"
707,"Jean-Claude-Thomas"
708,"Andrusse"
709,"Jeanne- Antoinette"
710,"Claude-Louis"
711,"Marie Françoise"
712,"Vital"
713,"Jean Baptiste"
714,"Minou"
715,"Aimée"
716,"Marie-Joëlle"
717,"Jean Christophe"
718,"Frédérique"
719,"Jean François"
720,"Nelly"
721,"Janine"
722,"."
723,"Olivier"
724,"Pascale"
725,"François-Léonard"
726,"Claude-Agnes"
727,"Jeanne-Ignace-Sylvie"
728,"Claude-Modeste"
729,"Pierre-Ignace-Léonard"
730,"M.Généreuse-Félicité"
731,"Marie-Genevieve"
732,"Thérèse-Catherine"
733,"Nicolas-Jean"
734,"Joseph-Célestin"
735,"Marie-Appoline"
736,"Jeanne-Agnes-Célestine"
737,"Jacques-Melchior"
738,"Etienne-Félix"
739,"M-Eléonore-Hélène"
740,"Marie-Eléonore"
741,"Victoire-Mélanie"
742,"Joseph-Victor"
743,"Claude-Emmanuel"
744,"Justin,Arsène"
745,"Aimable-Judith"
746,"Alexandre-Joseph-Just"
747,"Marie-Hermoza"
748,"Léocadie"
749,"Charles-Camille"
750,"Léon-Albin-Henri"
751,"Stéphane-Henri"
752,"Rachel"
753,"Henri-Joseph-Edouard"
754,"Régina"
755,"Léa"
756,"Stanis"
757,"Joseph-Ernest-Hippolyte"
758,"Anne-Marie-Madeleine"
759,"Génereuse"
760,"Emilienne"
761,"Edmond"
762,"Charles Auguste"
763,"Joseph-Constantin"
764,"Celestine"
765,"Félix-Victor-Xavier"
766,"Charles-Gabriel"
767,"Melchior-Xavier"
768,"Marie,Marcellin"
769,"Albini"
770,"Claude,Philippe"
771,"Marie Paul"
772,"Marie-Elisabeth"
773,"Marie-Louis-Victor"
774,"Zénaïde"
775,"Quentin"
776,"Simon"
777,"Mamy"
778,"Estevenot"
779,"Vide"
780,"Reine-Mélanie"
781,"Reine-Athanase"
782,"Jean-Ignace-Tobie"
783,"Clément-Alexandre"
784,"Gaspard"
785,"Estevin"
786,"Scholastique"
787,"Pierre_joseph"
788,"Victor-Florentin"
789,"Benjamin-Zéphirin"
790,"Alexis-Théophile"
791,"Marie-Ferréoline"
792,"Adélaïde"
793,"Jean-Léopold"
794,"Cyprienne"
795,"Claude-Charles"
796,"Claude-Agnès"
797,"Basil"
798,"Guillaumot"
799,"Estevenin"
800,"Clauda"
801,"Pierre-Denis"
802,"Desle"
803,"Régine"
804,"Jean-Philibert"
805,"Claude-Ludyvine"
806,"Théophile-Honoré"
807,"Anne-Athanase"
808,"Luc-Antoine"
809,"Marie-Athanase"
810,"Pierre-Ferréol"
811,"Claude-Baptiste"
812,"Abraham"
813,"Pierre-Félix"
814,"François-Honoré"
815,"Constantin"
816,"François-Philippe"
817,"Georges-Ignace"
818,"Huguette"
819,"Athanase"
820,"Marie-Antoinette"
821,"Jeanne-Marguerite"
822,"Liduvine"
823,"Fidèle"
824,"Othilie"
825,"Eliot"
826,"Alexis-François"
827,"Marie-Ludivine"
828,"Anthonin"
829,"Geuhgh"
830,"Adam"
831,"Marie-Eve"
832,"Thiebaud"
833,"Jean-Philippe"
834,"Ferdinand-François"
835,"Charles-Auguste"
836,"Françoise-Charlotte"
837,"Jean-Hyot"
838,"Hansolz"
839,"Ignace-Félix"
840,"Jean-Henri"
841,"Jeannon"
842,"Annelle"
843,"Jacobée"
844,"Chrischone"
845,"Siffrid"
846,"Alyson"
847,"Pierret"
848,"Marx"
849,"Elysol"
850,"Carine"
851,"Jehan"
852,"Jean-Perrin"
853,"Barbelle"
854,"Claude-Daniel"
855,"Mausser"
856,"David"
857,"Estienne"
858,"Marie-Thérèse-Ludivine"
859,"Marie-Thérèse-Geneviève"
860,"Anatoile"
861,"Etienne-Iréné"
862,"Jeanne-Barbe"
863,"Antoine-François"
864,"Anne-Claudine"
865,"Charline"
866,"Marquerite"
867,"Hugo"
868,"Estiennot"
869,"Pierrotte"
870,"Jeanne-Catherine"
871,"Jeantot"
872,"Charla"
873,"Juliana"
874,"Lucas"
875,"Lola"
876,"Maxence"
877,"Aloïs"
878,"Meryle"
879,"Jade"
880,"Flavie"
881,"Charly"
882,"Emélie"
883,"Gaby"
884,"Elyna"
885,"Flavien Joseph Louis"
886,"Jean-Claude Léon Eugène"
887,"Philippe Etienne Henri"
888,"Françoise Henriette Marie"
889,"Jean-Louis Charles"
890,"Roger Jean Renè"
891,"Liliane"
892,"Leann"
893,"Erwenn"
894,"Fabio"
895,"Zenobie Gabrielle"
896,"François Léonard"
897,"Marie Alvina"
898,"Auguste Stephane"
899,"Claude Joseph"
900,"Marie Ludivine"
901,"Joseph Désiré"
902,"Anne Sylvie"
903,"Marie Reine Sylvie"
904,"François Joseph Xavier"
905,"Jeanne Marie Léonore"
906,"Leonard"
907,"Joseph Florentin"
908,"Rosalie"
909,"Clothilde"
910,"Jean-Joseph Victor"
911,"François-Joseph Victor"
912,"Marie Constance"
913,"Berhe"
914,"Héloïse"
915,"Alix"
916,"Fulbert"
917,"Appolinaire"
918,"Sylvestre"
919,"Maêlynn"
920,"Marie-Odile"
921,"Marie Noëlle"
922,"Brigite"
923,"Geoges"
924,"Marie Claude"
925,"Nonnon !"
926,"Jean Louis"
927,"Isidor"
928,"Maryline"
929,"Lionel"
930,"Gratienne"
931,"Maxime"
932,"Marie Emilie"
933,"Louis Benjamin"
934,"Thérèse Zoé"
935,"Marie Louise Julie"
936,"Adeline"
937,"Charlotte"
938,"Luigi"
939,"Caty"
940,"Marie Madeleine"
941,"Emma"
942,"Ginette"
943,"Jeannine"
944,"Remy"
945,"Alain,Antoine"
946,"François Joseph Alexis"
947,"Marie Louise"
948,"François Joseph"
949,"Paul Octave Achille"
950,"Adonis"
951,"Victorin,Henri"
952,"Anne Marie"
953,"Fulbert,Joseph"
954,"Henri,Ariste"
955,"Constant,Luc"
956,"Albin"
957,"Léonel"
958,"Jules, Constant"
959,"Cécile Julie"
960,"Honorine"
961,"Albertine"
962,"César"
963,"Aimable Elisa"
964,"Josette Elisa"
965,"Jules Constant"
966,"Hortense"
967,"Alixe"
968,"Hortence"
969,"Donalie"
970,"Eglantine"
971,"Ida"
972,"Anna"
973,"Joseph,Louis"
974,"Médarine"
975,"Gabrielle,Zénobie"
976,"Joseph,Jules"
977,"Alays"
978,"Benoit, Marie"
979,"Jeanne,Marie"
980,"Jeanne,Antide"
981,"Hugues,Marie"
982,"Annick"
983,"Juliane"
984,"Leslie"
985,"Christoffa"
986,"Brigitte Dite Bibi"
987,"Emelie"
988,"Madeleine-Cécile"
